id,name,city,state,category,sub_category,short_description,cultural_significance,historical_period,opening_hours,entry_fee,best_time_of_day,recommended_duration,accessibility_notes,festivals,nearest_airport,nearest_railway,image_url_primary,source_url,scraped_at_utc
ananta-vasudeva-temple,Ananta Vasudeva Temple,Bhubaneswar,Odisha,Temple & Sacred Sanctum,Vaishnava Temple,"Experience the divine aura of Ananta Vasudeva Temple, dedicated to Lord Vishnu, in Bhubaneswar, a must-visit destination for Hindu devotees, history buffs.","Ananta Vasudeva Temple • One of Odisha's oldest and most famous temples • Architecture that will astound you. Near the tranquil expanse of the Bindu Sarovar Lake in Bhubaneshwar lies the Ananta Vasudeva Temple, one of Odisha's oldest and most famous temples. Dedicated to Lord Vishnu, who is also known as Ananta Vasudeva, this sacred edifice was built by Queen Chandrika during the 13th century. Like many other temples in Odisha, the Ananta Vasudeva Temple is a sight to behold. As you enter its complex, marvel at the gopuram (entrance tower) which is carved with images of various gods and goddesses. The temple's long shikhara (spires), which are also engraved with beautiful images, will make you pause in awe of its beauty. When you step within its hallowed precincts, your attention will be drawn to the intricate Vaishnav motifs on the temple walls. The divine presence of the idols of the three deities-Lord Krishna (Vishnu's incarnation), Lord Balarama (half-brother of Krishna), and the Goddess Subhadra-will fascinate you if not awaken spiritual fervour in you. Then there's the aarti ceremony, a sacred fire ritual that will heighten your spiritual experience. You will also make an interesting culinary discovery in the form of the holy 'Mahaprasad', also known as Abhada. This preparation is made in traditional earthen vessels on earthy stoves. After being blessed in a solemn ceremony before the deities, this offering is given to devotees at the nearby Bhoga Bazaar, enriching both body and spirit in divine communion.",13th Century • Ganga Dynasty,06:00 AM - 07:00 PM,Free entry (Donations welcome; special darshan queue fees may apply),Early Morning (06:30 AM - 09:00 AM) or Evening Aarti (06:00 PM - 07:30 PM),1.5 to 2 Hours,Footwear removal mandatory at the temple entrance. Smooth stone flooring inside; surfaces may get warm under direct afternoon sun. Moderate step climbing required to access sanctum sanctorum. Wheelchair assistance available at main outer gates.,Janmashtami,"Biju Patnaik International Airport (BBI), Bhubaneshwar",Bhubaneswar Railway Station (BBS),https://www.incredibleindia.gov.in/content/dam/incredible-india/images/global/incredible-india-og.png,https://www.incredibleindia.gov.in/en/odisha/bhubaneswar/ananta-vasudeva-temple,2026-08-26T13:54:26Z
asokastami,Asokastami,Bhubaneswar,Odisha,"Arts, Crafts & Museum",Traditional Craft & Artisan Heritage,Bhubaneswar's Festival of Triumph,"Asokastami • A Confluence of Divine and Cultural Heritage • Historical Roots and Celebratory Myths. Asokastami, also known as Ashoka Ashtami, is an important festival celebrated with great fervour in Bhubaneswar, the temple city of Odisha. It centres around the historic Lingaraj Temple, a splendid example of the architectural grandeur of the Kalinga style, dedicated to Lord Shiva, also revered as Lingaraja or ""the King of Lingams."" The temple not only epitomizes spiritual significance but also stands as a beacon of cultural heritage in the city known as Ekamra Kshetra or ""the area with a mango tree"" where the deity originated.",Kalinga Dynasty,Timings Opening time - NA Closing time - NA,Entry fee applicable; verify on-site,Mid-Morning (10:30 AM - 01:30 PM) or Afternoon (02:30 PM - 05:00 PM),2 to 2.5 Hours,Level paved walkways and wheelchair ramps throughout exhibition galleries. Air-conditioned indoor halls with ample seated rest zones and accessible restrooms.,Rath Yatra,"Biju Patnaik International Airport (BBI), Bhubaneswar",Bhubaneswar Railway Station (BBS),https://www.incredibleindia.gov.in/content/dam/incredible-india/images/global/incredible-india-og.png,https://www.incredibleindia.gov.in/en/odisha/bhubaneswar/asokastami,2026-08-26T13:54:28Z
chilika-lake,Chilika Lake,Bhubaneswar,Odisha,Nature & Scenic Sanctum,Wildlife Sanctum & Eco-Heritage,"Dive into the avian paradise of Chilika Lake, where wetlands echo with the calls of migratory birds. Witness the majestic spectacle of nature as flamingos and pelicans grace the waters.","The living lake • Enchanting fauna • Migratory birds. Covering an expansive area of over 1,100 square kilometers, Asia's largest brackish water lake is a treasure trove of biodiversity and facilitates a thriving ecosystem of fauna. Fed by 52 rivers and rivulets, Chilika Lake is a natural wonder and a haven for birdwatchers.",Ancient Heritage Period,08:00 AM - 05:30 PM (Daily / Sunrise to Sunset),Entry fee applicable; verify on-site,Early Morning (07:00 AM - 10:00 AM),2.5 to 3.5 Hours,Paved trails with occasional unpaved terrain. Battery-operated safari vehicles and shaded sit-outs available for comfortable elderly touring.,,"Biju Patnaik International Airport (BBI), Bhubaneshwar",Balugaon Railway Station (BALU),https://www.incredibleindia.gov.in/content/dam/incredible-india/images/global/incredible-india-og.png,https://www.incredibleindia.gov.in/en/odisha/bhubaneswar/chilika-lake,2026-08-26T13:54:29Z
dhauligiri-hills,Dhauligiri Hills,Bhubaneswar,Odisha,Nature & Scenic Sanctum,Wildlife Sanctum & Eco-Heritage,"Explore the serene Dhauli Giri Hills in Bhubaneswar, known for its historical significance and panoramic views, making it a place for reflection and tranquility.","Dhauligiri Hills • Rock solid peace • Red River. There are moments in history, forever etched in time, that change the course of destiny. The Dhauli Giri Hills stand testament to the pivot of Ashoka from magnificent warrior to pilgrim of peace, for it is here that the battle of Kalinga is presumed to have been fought and where Ashoka renounced war. As noted historian Shri. Ramesh Prasad Mohapatra aptly said: ""The political history of mankind in reality is a history of wars and no war has ended with so successful a mission of peace for the entire war-torn humanity as the war of Kalinga"".",Kalinga Dynasty,08:00 AM - 05:30 PM (Daily / Sunrise to Sunset),Entry fee applicable; verify on-site,Early Morning (07:00 AM - 10:00 AM),2.5 to 3.5 Hours,Paved trails with occasional unpaved terrain. Battery-operated safari vehicles and shaded sit-outs available for comfortable elderly touring.,,"Biju Patnaik International Airport (BBI), Bhubaneshwar",Bhubaneswar Railway Station (BBS),https://www.incredibleindia.gov.in/content/dam/incredible-india/images/global/incredible-india-og.png,https://www.incredibleindia.gov.in/en/odisha/bhubaneswar/dhauligiri-hills,2026-08-26T13:54:31Z
hirapur,Hirapur,Bhubaneswar,Odisha,Temple & Sacred Sanctum,Shakti Peetha / Devi Shrine,"Hirapur, a village near Bhubaneswar, is famous for its 11th-century Hypaethral temple dedicated to Goddess Mahamaya, which is a must-visit for tourists.","Hirapur • Hidden gem • Historical legacy. Nestled amidst the serene landscapes of Bhubaneswar, Odisha, lies the ancient village of Hirapur, a hidden gem renowned for its mystical Tantric temples and spiritual significance. Home to the revered Chausathi Yogini Temple, Hirapur captivates visitors with its architectural splendor, cultural heritage, and esoteric charm.",Ancient Heritage Period,06:00 AM - 07:00 PM,Free entry (Donations welcome; special darshan queue fees may apply),Early Morning (06:30 AM - 09:00 AM) or Evening Aarti (06:00 PM - 07:30 PM),1.5 to 2 Hours,Footwear removal mandatory at the temple entrance. Smooth stone flooring inside; surfaces may get warm under direct afternoon sun. Moderate step climbing required to access sanctum sanctorum. Wheelchair assistance available at main outer gates.,,"Biju Patnaik International Airport (BBI), Bhubaneshwar",Bhubaneswar Railway Station (BBS),https://www.incredibleindia.gov.in/content/dam/incredible-india/images/global/incredible-india-og.png,https://www.incredibleindia.gov.in/en/odisha/bhubaneswar/hirapur,2026-08-26T13:54:33Z
kala-bhoomi-odisha-crafts-museum,Kala Bhoomi Odisha Crafts Museum,Bhubaneswar,Odisha,"Arts, Crafts & Museum",Traditional Craft & Artisan Heritage,"Explore Kala Bhoomi Odisha Crafts Museum in Bhubhaneshwar: See more about Kala Bhoomi Odisha Crafts Museum photos, timings, ticket prices and know the Kala Bhoomi Odisha Crafts Museum location.","Kala Bhoomi Odisha Crafts Museum • 11.4 - 32.8 oC • 14.1 - 37.0 oC. Experience the whole of Odisha at this spot in Bhubaneshwar. With a mission to preserve and promote local and traditional crafts of Odisha, Kala Bhoomi Odisha Crafts Museum showcases the rich and very diverse craft heritage of the eastern state. The museum offers its visitors a truly immersive experience with its 4 zones which are further divided into 8 galleries. If you manage to find your way through all the galleries in the maze, you're in for a treat! Featuring textiles, pottery, metalwork, stone carvings, and woodwork, the museum is an all-encapsulating structure that also displays the tribal way of living. Apart from craftmanship that has been passed down through generations, one can also witness the well-celebrated ancient temple architecture at the museum.",Ancient Heritage Period,10:00 AM - 05:30 PM,Entry fee applicable; verify on-site,Mid-Morning (10:30 AM - 01:30 PM) or Afternoon (02:30 PM - 05:00 PM),2 to 2.5 Hours,Level paved walkways and wheelchair ramps throughout exhibition galleries. Air-conditioned indoor halls with ample seated rest zones and accessible restrooms.,,"Biju Patnaik International Airport (BBI), Bhubaneswar",Bhubaneswar Railway Station (BBS),https://www.incredibleindia.gov.in/content/dam/incredible-india/images/global/incredible-india-og.png,https://www.incredibleindia.gov.in/en/odisha/bhubaneswar/kala-bhoomi-odisha-crafts-museum,2026-08-26T13:54:35Z
kantilo,Kantilo,Bhubaneswar,Odisha,Nature & Scenic Sanctum,Wildlife Sanctum & Eco-Heritage,"Explore the historic town of Kantilo, on the banks of river Mahanadi, near Bhubaneswar with its beautiful temples and serene natural surroundings. Plan your visit today.","Kantilo • Tranquil Retreat • Historical legacy. Nestled on the banks of the sacred Mahanadi River, Kantilo is a picturesque village located near Bhubaneswar, Odisha, renowned for its ancient temples, scenic beauty, and spiritual significance. Surrounded by verdant hills and lush greenery, Kantilo offers visitors a tranquil retreat from the hustle and bustle of urban life, inviting them to immerse themselves in the timeless charm of its religious and cultural heritage.",Ancient Heritage Period,06:00 AM - 09:00 PM,Entry fee applicable; verify on-site,Early Morning (07:00 AM - 10:00 AM),2.5 to 3.5 Hours,Paved trails with occasional unpaved terrain. Battery-operated safari vehicles and shaded sit-outs available for comfortable elderly touring.,,"Biju Patnaik International Airport (BBI), Bhubaneshwar",Bhubaneswar Railway Station (BBS),https://www.incredibleindia.gov.in/content/dam/incredible-india/images/global/incredible-india-og.png,https://www.incredibleindia.gov.in/en/odisha/bhubaneswar/kantilo,2026-08-26T13:54:36Z
khandagiri-udayagiri-caves,Khandagiri & Udayagiri Caves,Bhubaneswar,Odisha,Heritage & Archaeological Site,Rock-cut Caves & Inscriptions,"Experience the ancient rock-cut caves of Udayagiri and Khandagiri in Bhubaneswar, featuring stunning sculptures, inscriptions, and panoramic views of the city.","Khandagiri & Udayagiri Caves • Captivating world • Historical significance. Nestled amidst the lush greenery of Bhubaneswar, Odisha, lie the historic Khandagiri and Udayagiri Caves, a testament to the rich cultural heritage and architectural prowess of ancient India. Carved into the sandstone hills overlooking the city, these caves serve as a window into the past, offering visitors a glimpse into the lives of ascetics, monks, and scholars who once inhabited these sacred spaces.",2nd Century BCE • Kalinga Dynasty,09:00 AM - 09:00 PM,Entry fee applicable; verify on-site,Morning (07:30 AM - 10:30 AM) or Late Afternoon (03:30 PM - 05:30 PM),2 to 3 Hours,Uneven natural stone pathways and rock-cut flight of stairs. Sturdy walking footwear and walking cane recommended for senior visitors. Shaded pavilions available for rest.,,"Biju Patnaik International Airport (BBI), Bhubaneshwar",Bhubaneswar Railway Station (BBS),https://www.incredibleindia.gov.in/content/dam/incredible-india/images/global/incredible-india-og.png,https://www.incredibleindia.gov.in/en/odisha/bhubaneswar/khandagiri-and-udayagiri-caves,2026-08-26T13:54:38Z
kuanria,Kuanria,Bhubaneswar,Odisha,Nature & Scenic Sanctum,Wildlife Sanctum & Eco-Heritage,A peaceful dam to seek solitude in the temple city,"Kuanria • A peaceful dam to seek solitude in the temple city • The Dam of pure intentions. In the city of temples, Bhubaneswar, the famous Kuanria Dam is located near the outskirts of the Daspalla region in Nayagarh or Nayagada District of Odisha. It is built over the Kuanria River, which is also a tributary of the Mahanadi River. The dam fulfils the irrigation purpose of the Rabi farmlands in this region. Bhubaneswar, comprising over 600 temples of the Kalinga architecture, hosts many tourists every year. Located 132 kilometres from Bhubaneswar, Kuanria Dam serves as a tourist spot due to the serenity and peace its waters provide. During sunset and sunrise, the place looks like a scenery straight from a postcard. The 1.5-kilometer-long Kuanria Dam is flanked by blue hillocks and is a water reservoir and irrigation project in Bhubaneswar. The Dam has not only provided a vital source of water but has also created a peaceful retreat for both tourists and local people.",20th Century • Kalinga Dynasty • Kalinga Architecture,09:00 AM - 05:00 PM,Entry fee applicable; verify on-site,Early Morning (07:00 AM - 10:00 AM),2.5 to 3.5 Hours,Paved trails with occasional unpaved terrain. Battery-operated safari vehicles and shaded sit-outs available for comfortable elderly touring.,,"Biju Patnaik International Airport (BBI), Bhubaneswar",Bhubaneswar Railway Station (BBS),https://www.incredibleindia.gov.in/content/dam/incredible-india/images/global/incredible-india-og.png,https://www.incredibleindia.gov.in/en/odisha/bhubaneswar/kuanria,2026-08-26T13:54:39Z
lingaraj-temple,Lingaraj Temple,Bhubaneswar,Odisha,Temple & Sacred Sanctum,Shiva Temple & Sanctum,"Embark on a spiritual journey and marvel at the ancient architecture of Lingaraj Temple in Bhubaneswar, a must-visit for Hindu devotees and history enthusiasts.","Lingaraj Temple • Where Shaivism and Vaishnavism converge • A story in Sandstone. Lingaraj Temple was called ""The finest example of Hindu temples in India"" by the historian James Fergusson. It is one of the oldest and most revered temples in Odisha. This temple is dedicated to not one but two primary deities, Lord Shiva and Lord Vishnu. Thus, symbolizing the coming together of Shaivism and Vaishnavism, two prominent sects of Hinduism. Welcome to the Lingaraj Temple, an awe-inspiring monument. Commissioned in the 11th century by King Jajati Keshari of the Somvanshi dynasty, this sacred site enshrines a Swayambhu (self-manifested) Shivalinga, measuring 8 feet in diameter and 8 inches in height. Yet, legends suggest that the Shivalinga within the temple was being worshipped as early as the 7 th century. While access to the temple is restricted to Hindus, non-Hindu visitors can still admire the entire temple complex and capture its splendour from a designated elevated platform. Inside, the hallowed corridors are adorned with vivid depictions from Hindu mythology narrating the intriguing tales of gods and goddesses. Annually, crowds of pilgrims converge here to seek blessings and divine favour from Lord Shiva, particularly during revered festivals like Mahashivratri and Ashokastami, celebrated with fervour within the temple precincts. Lingaraj Temple is the only ancient temple in Bhubaneshwar where worship is still prominent today, unlike other temples. Come, let's explore this legendary temple.",11th Century • Kalinga Dynasty,07:00 AM - 07:00 PM,Free entry (Donations welcome; special darshan queue fees may apply),Early Morning (06:30 AM - 09:00 AM) or Evening Aarti (06:00 PM - 07:30 PM),1.5 to 2 Hours,Footwear removal mandatory at the temple entrance. Smooth stone flooring inside; surfaces may get warm under direct afternoon sun. Moderate step climbing required to access sanctum sanctorum. Wheelchair assistance available at main outer gates.,Mahashivaratri; Ashokashtami; Chandan Yatra; Rath Yatra,"Biju Patnaik International Airport (BBI), Bhubaneshwar",Bhubaneswar Railway Station (BBS),https://www.incredibleindia.gov.in/content/dam/incredible-india/images/global/incredible-india-og.png,https://www.incredibleindia.gov.in/en/odisha/bhubaneswar/lingaraj-temple,2026-08-26T13:54:41Z
bhitarkanika-national-park,Bhitarkanika National Park,Cuttack,Odisha,Nature & Scenic Sanctum,Wildlife Sanctum & Eco-Heritage,Explore Bhitarkanika National Park in Cuttack - Where Wildlife and Pristine Ecosystems Converge.,"Bhitarkanika National Park • Forests, Creeks and Canals • Huge mangrove ecosystem. Welcome to Bhitarkanika, where nature's wonders await your discovery! As you step into this breathtaking sanctuary, prepare to be captivated by the beauty and biodiversity that surrounds you. From the dense mangrove forests to the tranquil creeks and canals, Bhitarkanika offers a sanctuary like no other.",Ancient Heritage Period,06:00 AM - 06:00 PM,Entry fee applicable; verify on-site,Early Morning (07:00 AM - 10:00 AM),2.5 to 3.5 Hours,Paved trails with occasional unpaved terrain. Battery-operated safari vehicles and shaded sit-outs available for comfortable elderly touring.,,"Biju Patnaik International Airport (BBI), Bhubaneswar",Cuttack Railway Station (CTC),https://www.incredibleindia.gov.in/content/dam/incredible-india/images/global/incredible-india-og.png,https://www.incredibleindia.gov.in/en/odisha/cuttack/bhitarkanika-national-park,2026-08-26T13:54:45Z
alarnatha-temple,Alarnatha Temple,Puri,Odisha,Temple & Sacred Sanctum,Vaishnava Temple,"Alarnatha Temple A Hindu shrine located in Brahmagiri, Puri, dedicated to Lord Vishnu. Celebrated for its annual Rath Yatra festival, drawing many devotees and visitors.","Alarnatha Temple • A divine whisper beyond the waves • A sacred site steeped in history and legends. About a 25-kilometre drive from Puri, in the quaint town of Brahmagiri, lies a treasure that whispers tales of ancient devotion. Welcome to the Alarnatha Temple, a sacred sanctuary that has stood quietly for centuries. Lord Vishnu resides in his form as Alarnatha, watching over his devotees with benevolent grace. But Alarnatha is more than just another temple. This hallowed ground is where myth and history intertwine, its very stones echoing with the footsteps of Lord Brahma who is believed to visit the temple for the worship of Lord Vishnu in Satya Yug. Even today, Alarnatha Temple is a beacon of spiritual solace, offering comfort and peace to pilgrims from near and far. Beyond its spiritual significance, Alarnatha's charm lies in its serene ambience, a stark contrast to the bustling energy of Puri's beaches. Whether you're a devoted pilgrim or a curious traveller, Alarnatha Temple offers a glimpse into the deep roots of Odishan spirituality, inviting you to pause and connect with something greater than yourself in this ancient abode of the divine.",Ancient Heritage Period,06:00 AM - 09:30 PM,Free entry (Donations welcome; special darshan queue fees may apply),Early Morning (06:30 AM - 09:00 AM) or Evening Aarti (06:00 PM - 07:30 PM),1.5 to 2 Hours,Footwear removal mandatory at the temple entrance. Smooth stone flooring inside; surfaces may get warm under direct afternoon sun. Moderate step climbing required to access sanctum sanctorum. Wheelchair assistance available at main outer gates.,Rath Yatra; Janmashtami,"Biju Patnaik International Airport (BBI), Bhubaneshwar",Balugaon Railway Station (BALU),https://www.incredibleindia.gov.in/content/dam/incredible-india/images/global/incredible-india-og.png,https://www.incredibleindia.gov.in/en/odisha/puri/alarnatha-temple,2026-08-26T13:54:47Z
atharnala-bridge,Atharnala Bridge,Puri,Odisha,Nature & Scenic Sanctum,Wildlife Sanctum & Eco-Heritage,"Atharnala Bridge is an ancient stone bridge in Puri, Odisha. Visit to witness its impressive architecture and learn about its historical significance.","Atharnala Bridge • Cherished landmark • Historical background. The Atharnala Bridge, spanning the river Bhargavi in Puri, Odisha, stands as a testament to human ingenuity, architectural prowess, and historical significance. This ancient bridge, dating back to the 13th century, has played a pivotal role in the socio-economic development of the region and continues to be a cherished landmark revered by locals and visitors alike.",13th Century • Ganga Dynasty,Timings Open 24 hours,Entry fee applicable; verify on-site,Early Morning (07:00 AM - 10:00 AM),2.5 to 3.5 Hours,Paved trails with occasional unpaved terrain. Battery-operated safari vehicles and shaded sit-outs available for comfortable elderly touring.,,"Biju Patnaik International Airport (BBI), Bhubaneshwar",Balugaon Railway Station (BALU),https://www.incredibleindia.gov.in/content/dam/incredible-india/images/global/incredible-india-og.png,https://www.incredibleindia.gov.in/en/odisha/puri/atharnala-bridge,2026-08-26T13:54:48Z
balighai-beach,Balighai Beach,Puri,Odisha,Temple & Sacred Sanctum,Sacred Heritage Temple,Enjoy the beauty of nature along the coast at Balighai Beach in Puri. It's a peaceful spot for relaxation and serene views.,"Balighai Beach • A hidden paradise: Balighai beach's siren call • The joy of seclusion. Just a short drive from Puri lies a secret slice of coastal heaven - Balighai Beach. Imagine a place where the chaos of the world fades away, replaced by the soothing symphony of waves caressing golden sands. Here, just 8 kilometers from the main city, nature unfurls its most stunning canvas. Picture yourself walking along a shoreline where the azure waters of the Bay of Bengal play hide-and-seek with your toes, while a gentle breeze whispers through a curtain of swaying casuarina trees. But Balighai isn't just about tranquil beauty - it's a playground for the adventurous soul too! Whether you're yearning to feel the rush of wind as you parasail above the waves, or eager to spot rare Olive Ridley turtles nesting on moonlit shores, this beach has a surprise waiting at every turn. Away from the crowds, Balighai Beach is where you can write your own coastal story. So, get ready to uncover this hidden gem and let its unspoiled charm sweep you off your feet.",Ancient Heritage Period,06:00 AM - 08:00 PM (Daily; Aarti timings may vary),Free entry (Donations welcome; special darshan queue fees may apply),Early Morning (06:30 AM - 09:00 AM) or Evening Aarti (06:00 PM - 07:30 PM),1.5 to 2 Hours,Footwear removal mandatory at the temple entrance. Smooth stone flooring inside; surfaces may get warm under direct afternoon sun. Moderate step climbing required to access sanctum sanctorum. Wheelchair assistance available at main outer gates.,,"Biju Patnaik International Airport (BBI), Bhubaneshwar",Balugaon Railway Station (BALU),https://www.incredibleindia.gov.in/content/dam/incredible-india/images/global/incredible-india-og.png,https://www.incredibleindia.gov.in/en/odisha/puri/balighai-beach,2026-08-26T13:54:50Z
balukhand-konark-sanctuary,Balukhand-Konark Sanctuary,Puri,Odisha,Nature & Scenic Sanctum,Wildlife Sanctum & Eco-Heritage,"Immerse in the natural wonders of Balukhand Konark Wildlife Sanctuary in Puri, home to rich biodiversity and pristine coastal landscapes.","Puri,Odisha • Balukhand-Konark Sanctuary • Get ready for a breathtaking experience. As you leave the bustling streets of Puri behind, a short drive along the coast unveils a world where time seems to stand still - welcome to the Balukhand-Konark Sanctuary. This wild abode boasts ecosystems so diverse, it's as if nature decided to showcase all its finest works in one stunning location. This isn't just a sanctuary; it's a living, breathing masterpiece where dense forests give way to undulating dunes, and pristine beaches whisper tales of ancient mariners. But Balukhand-Konark is more than just a feast for the eyes. This coastal haven is where history meets nature in perfect harmony. Today, the sanctuary stands as a testament to Odisha's commitment to preserving its natural and cultural heritage. No wonder it's a magnet for nature lovers, history buffs, and adventure seekers alike! Get ready to step into a realm where every trail leads to discovery and every moment feels like getting closer to the nature.",Ancient Heritage Period,Timings Open 24 hours,Entry fee applicable; verify on-site,Early Morning (07:00 AM - 10:00 AM),2.5 to 3.5 Hours,Paved trails with occasional unpaved terrain. Battery-operated safari vehicles and shaded sit-outs available for comfortable elderly touring.,,"Biju Patnaik International Airport (BBI), Bhubaneshwar",Balugaon Railway Station (BALU),https://www.incredibleindia.gov.in/content/dam/incredible-india/images/global/incredible-india-og.png,https://www.incredibleindia.gov.in/en/odisha/puri/balukhand-konark-sanctuary,2026-08-26T13:54:51Z
chaurasi,Chaurasi,Puri,Odisha,Temple & Sacred Sanctum,Sacred Heritage Temple,"Chaurasi, is a small village famous for the ancient temple of Varahi. It is dedicated to Goddess Varahi. The temple belongs to the 9th century A.D.","Chaurasi • Where ancient mysticism meets rural charm • A treasure trove of ancient art and mysticism. If you take a short road trip from the bustling pilgrimage centre of Puri, you will come across a hidden gem that beckons the intrepid traveller. Welcome to the quaint village of Chaurasi. This unassuming hamlet, steeped in ancient mysticism and rural tranquillity, offers a fascinating counterpoint to the grandeur of Puri. At the heart of Chaurasi stands the enigmatic Varahi Temple, a 9th-century shrine that whispers secrets of a bygone era. Here, the Mother Goddess Varahi, depicted with the intriguing visage of a boar, reigns supreme. Legend has it that she cradles a fish in one hand and a cup in the other, embodying a unique blend of symbolism rarely seen in Hindu iconography. The air around the temple thrums with the energy of centuries-old tantric rituals, still practiced with fervour by local devotees. As you wander through Chaurasi's narrow lanes, you'll encounter the serene Laxminarayan Temple and the captivating deity of Nilamadhab, each adding layers to the village's rich spiritual tapestry. For those seeking to venture off the beaten path and delve into Odisha's lesser-known treasures, Chaurasi offers a compelling blend of archaeological intrigue, living traditions, and the unhurried pace of rural Indian life.",9th Century • Somavamsi Dynasty,06:00 AM - 08:00 PM (Daily; Aarti timings may vary),Free entry (Donations welcome; special darshan queue fees may apply),Early Morning (06:30 AM - 09:00 AM) or Evening Aarti (06:00 PM - 07:30 PM),1.5 to 2 Hours,Footwear removal mandatory at the temple entrance. Smooth stone flooring inside; surfaces may get warm under direct afternoon sun. Moderate step climbing required to access sanctum sanctorum. Wheelchair assistance available at main outer gates.,,"Biju Patnaik International Airport (BBI), Bhubaneshwar",Balugaon Railway Station (BALU),https://www.incredibleindia.gov.in/content/dam/incredible-india/images/global/incredible-india-og.png,https://www.incredibleindia.gov.in/en/odisha/puri/chaurasi,2026-08-26T13:54:52Z
chilika-wildlife-sanctuary,Chilika Wildlife Sanctuary,Puri,Odisha,Nature & Scenic Sanctum,Wildlife Sanctum & Eco-Heritage,Explore avian diversity at the Chilika Wildlife Sanctuary in Puri. A sanctuary for birdwatching enthusiasts.,"Chilika Wildlife Sanctuary • A haven for biodiversity and avian splendour • Rich ecological diversity. A short road trip from Puri will take you to a natural wonder that seems to stretch endlessly before your eyes - the magnificent Chilika Lake. As Asia's largest inland salt water lagoon, Chilika is a breathtaking testament to nature's grandeur, second only to the New Caledonian barrier reef in its vastness. This pear-shaped marvel, marks the point where the Daya River meets the sea, creating a unique ecosystem that has rightfully earned its place as India's first Ramsar site of international importance. As you approach Chilika, you'll be greeted by a shimmering expanse of water dotted with charming islands, including the aptly named Honeymoon Island and Breakfast Island. The lake's true beauty lies beneath its surface that teems a vibrant world supporting over 150,000 fisher-folk from 132 shoreline villages, their lives intricately woven into the fabric of this aquatic paradise. Separated from the Bay of Bengal by a 60 km stretch of marshy islands and sand-flats, Chilika offers a serene escape into a world where nature reigns supreme, inviting you to explore its myriad wonders and experience the delicate balance of life that thrives in this extraordinary lagoon.",Ancient Heritage Period,06:00 AM - 07:00 PM,Entry fee applicable; verify on-site,Early Morning (07:00 AM - 10:00 AM),2.5 to 3.5 Hours,Paved trails with occasional unpaved terrain. Battery-operated safari vehicles and shaded sit-outs available for comfortable elderly touring.,,"Biju Patnaik International Airport (BBI), Bhubaneshwar",Balugaon Railway Station (BALU),https://www.incredibleindia.gov.in/content/dam/incredible-india/images/global/incredible-india-og.png,https://www.incredibleindia.gov.in/en/odisha/puri/chilika-wildlife-sanctuary,2026-08-26T13:54:54Z
gundicha-temple,Gundicha Temple,Puri,Odisha,Temple & Sacred Sanctum,Vaishnava Temple,"Gundicha Temple is a famous Hindu shrine in Puri, India, associated with the annual Rath Yatra festival that draws visitors and devotees from all around.","Gundicha Temple • The home of Lord Jagannath's aunt • Steeped in mythological significance. In the sacred heart of Puri, where devotion pulses through every street, stands the revered Gundicha Temple - a sanctuary steeped in divine legend and spiritual significance. This hallowed shrine, named after the virtuous Queen Gundicha, wife of King Indradyumna, holds a unique place in Lord Jagannath's annual pilgrimage. Known affectionately as the Lord's aunt's house, Gundicha Temple transforms into a focal point of divine energy during the famed Rath Yatra festival, when Lord Jagannath himself graces its premises for seven blissful days. Amidst lush gardens that whisper tales of nature's beauty, this temple is not merely a structure of stone, but a living testament to the enduring bond between the divine and his devotees. As pilgrims approach the Gundicha Temple, they step into a realm where mythology and reality intertwine, where every stone seems to resonate with the echoes of ancient prayers and the joyous clamour of countless festivals.",Kalinga Dynasty,06:00 AM - 09:00 PM,Free entry (Donations welcome; special darshan queue fees may apply),Early Morning (06:30 AM - 09:00 AM) or Evening Aarti (06:00 PM - 07:30 PM),1.5 to 2 Hours,Footwear removal mandatory at the temple entrance. Smooth stone flooring inside; surfaces may get warm under direct afternoon sun. Moderate step climbing required to access sanctum sanctorum. Wheelchair assistance available at main outer gates.,Rath Yatra,"Biju Patnaik International Airport (BBI), Bhubaneshwar",Balugaon Railway Station (BALU),https://www.incredibleindia.gov.in/content/dam/incredible-india/images/global/incredible-india-og.png,https://www.incredibleindia.gov.in/en/odisha/puri/gundicha-temple,2026-08-26T13:54:56Z
konark-temple,Konark Temple,Puri,Odisha,Temple & Sacred Sanctum,Sacred Heritage Temple,"Konark Sun Temple A world-renowned heritage site in Puri, India, featuring impressive architecture and intricate carvings that depict the Sun God.","Konark Temple • The divine chariot of Lord Sun • A true engineering marvel. On the golden shores of Odisha, about 35 kilometres northeast of Puri, stands a magnificent testament to human creativity and devotion - the Sun Temple of Konark. This architectural marvel, conceived as a colossal chariot for the Sun God Surya, has mesmerised visitors for over eight centuries. As you approach the temple, you're greeted by an awe-inspiring sight: massive stone wheels carved into the temple's base, frozen in time yet seeming ready to roll at any moment. The entire structure, a UNESCO World Heritage site, is a symphony of sculpture and symbolism, where every inch tells a story of celestial grandeur and earthly passion. Rising to an estimated height of 227 feet in its heyday, the Sun Temple was once one of India's tallest sacred structures. Today, while much of its towering shikhara (spire) has succumbed to time, the remaining Jagamohana (assembly hall) and the skeletal Natya Mandap (dance hall) continue to captivate with their intricate carvings and architectural precision. It is also believed that the temple's design cleverly channels the first rays of the dawn sun to bathe the inner sanctum and the enshrined deity in light.",Ancient Heritage Period,06:00 AM - 08:00 PM,Free entry (Donations welcome; special darshan queue fees may apply),Early Morning (06:30 AM - 09:00 AM) or Evening Aarti (06:00 PM - 07:30 PM),1.5 to 2 Hours,Footwear removal mandatory at the temple entrance. Smooth stone flooring inside; surfaces may get warm under direct afternoon sun. Moderate step climbing required to access sanctum sanctorum. Wheelchair assistance available at main outer gates.,,"Biju Patnaik International Airport (BBI), Bhubaneshwar",Balugaon Railway Station (BALU),https://www.incredibleindia.gov.in/content/dam/incredible-india/images/global/incredible-india-og.png,https://www.incredibleindia.gov.in/en/odisha/puri/konark-temple,2026-08-26T13:54:57Z
loknath-temple,Loknath Temple,Puri,Odisha,Temple & Sacred Sanctum,Shiva Temple & Sanctum,"Loknath Temple in Puri, India, is a significant Hindu shrine devoted to Lord Shiva. It is celebrated for its spiritual significance and the grand Maha Shivaratri festival.","Loknath Temple • A sanctum of serenity and spiritual solace • Historical legacy. In the holy city of Puri, just a short journey from the iconic Jagannath Temple, lies a sanctuary of profound spiritual significance - the Loknath Temple (locally called Shri Lokanatha Mandira). This ancient shrine, dedicated to Lord Shiva, holds within its sacred walls a lingam with a remarkable history that traces back to the time of Lord Rama himself. Legend tells us that Lord Rama, on his quest to find Sita, paused in Puri with a fervent desire to see Lord Shiva. In a divine twist of fate, a villager from nearby Sabarapalli presented him with a Lauki (bottle gourd) resembling a Shiva lingam. Rama, recognising the sacred in the simple, installed this humble offering as a representation of Shiva and prayed for his mission's success. Thus, the Laukanatha Temple was born, and later on Loknath or Lokanath Temple became its popular name. Today, pilgrims from across India and beyond flock to this 11th-century marvel, drawn by its powerful spiritual energy and the chance to connect with a piece of living mythology. As you stand before the ancient lingam, you can almost feel the timeless power of devotion that has made this temple a cornerstone of Odishan spirituality for over a thousand years.",Ganga Dynasty,Timings Opening time - 05:00 AM Closing time - 09.00 PM,Free entry (Donations welcome; special darshan queue fees may apply),Early Morning (06:30 AM - 09:00 AM) or Evening Aarti (06:00 PM - 07:30 PM),1.5 to 2 Hours,Footwear removal mandatory at the temple entrance. Smooth stone flooring inside; surfaces may get warm under direct afternoon sun. Moderate step climbing required to access sanctum sanctorum. Wheelchair assistance available at main outer gates.,in this sacred sanctum; lies within easy reach; easily accessible from Lokanath Temple; natural beauty,"Biju Patnaik International Airport (BBI), Bhubaneshwar",Balugaon Railway Station (BALU),https://www.incredibleindia.gov.in/content/dam/incredible-india/images/global/incredible-india-og.png,https://www.incredibleindia.gov.in/en/odisha/puri/loknath-temple,2026-08-26T13:54:59Z
ansupa-nature-camp,Ansupa Nature Camp,Cuttack,Odisha,Nature & Scenic Sanctum,Wildlife Sanctum & Eco-Heritage,"Plan a visit to Ansupa Lake near Cuttack for a peaceful retreat amidst nature's beauty, with boating, fishing, and birdwatching opportunities for all to enjoy.","Ansupa Nature Camp • Deep in nature's embrace • Birdwatching. Nestled amidst the lush forests of Odisha lies Ansupa Lake, home to the Ansupa Nature Camp. This ecological haven, situated just 45 kilometres from Cuttack, beckons travellers seeking solace in nature's embrace. Ansupa Lake, the centrepiece of the camp, is Odisha's largest freshwater lake, covering a span of almost 141 hectares. Ornithology experts and visitors alike hail it as a prime spot for birdwatching. The lake's rich biodiversity attracts migratory birds, making it a paradise for nature enthusiasts. The camp was thoughtfully designed to provide sustainable facilities while preserving the pristine surroundings.",Ancient Heritage Period,07:00 AM - 05:00 PM,Entry fee applicable; verify on-site,Early Morning (07:00 AM - 10:00 AM),2.5 to 3.5 Hours,Paved trails with occasional unpaved terrain. Battery-operated safari vehicles and shaded sit-outs available for comfortable elderly touring.,,"Biju Patnaik International Airport (BBI), Bhubaneswar",Cuttack Railway Station (CTC),https://www.incredibleindia.gov.in/content/dam/incredible-india/images/global/incredible-india-og.png,https://www.incredibleindia.gov.in/en/odisha/cuttack/ansupa-lake,2026-08-26T13:55:02Z
barabati-fort,Barabati Fort,Cuttack,Odisha,Monument & Fort,Cultural Heritage,"Barabati Fort, nestled in the historic city of Cuttack, stands as a majestic testament to Odisha's rich heritage, enchanting tourists with its ancient ruins.","Barabati Fort • A majestic echo of Cuttack's splendour • A storied past. In the heart of Cuttack, Odisha, the Barabati Fort rises majestically, casting a nostalgic spell that transports one to a bygone era of splendour and valour. Once a shining emblem of Odia architecture and military might, the fort now stands as a silent sentinel, its glorious history whispering through the wilderness that surrounds it. Situated in Barabati, near the merging waters of the mighty Mahanadi and Kathjodi rivers, this fortress occupies a strategic position that once brimmed with life and activity. Beyond its role as a formidable military stronghold, the fort was a bustling centre of trade and culture. It was here that the annual Bali Jatra, a tradition tracing the maritime adventures of Odia sailors to Southeast Asia, found its genesis, infusing the fort with tales of seafaring glory. Today, amid the modernity of the Millennium City, the remnants of Barabati Fort stand in silent juxtaposition to the vibrant energy of the Barabati Stadium. It is said that this ancient bastion, once housed a nine-storey palace. It sprawls across 102 acres of land, its grandeur softened by the passage of time. Yet, it remains guarded by a 20-yard-wide moat, a vestige of its former defences, now adorned with tranquil hyacinths.",12th Century • Ganga Dynasty,06:00 AM - 06:00 PM,Entry fee applicable; verify on-site,Morning (09:00 AM - 12:00 PM),1 to 2 Hours,Standard paved access. Early morning visits recommended to avoid crowds and heat.,,"Biju Patnaik International Airport (BBI), Bhubaneswar",Cuttack Railway Station (CTC),https://www.incredibleindia.gov.in/content/dam/incredible-india/images/global/incredible-india-og.png,https://www.incredibleindia.gov.in/en/odisha/cuttack/barabati-fort,2026-08-26T13:55:04Z
barabati-stadium,Barabati Stadium,Cuttack,Odisha,Nature & Scenic Sanctum,Wildlife Sanctum & Eco-Heritage,"Experience the thrill of cricket at Cuttack's Barabati Stadium, a world-class venue and home to some of the most exciting matches in the sport.","Barabati Stadium • Where sporting legends are born • A symphony of sporting tales. Cuttack, Odisha is home to a cricketing gem - Barabati Stadium. Situated along the picturesque Kathajodi River, this historic stadium has long been revered as an example of sporting grandeur. Boasting 25 acres and seating capacity of more than 50,000, Barabati Stadium welcomes both enthusiastic fans and passionate spectators. Operated by the esteemed Odisha Cricket Association, this iconic venue has witnessed exhilarating cricket matches as well as memorable sporting events that take place here - feel the spirit of competition as you discover Barabati Stadium's magic. Barabati Stadium boasts the distinction of being one of India's oldest cricket stadiums, having been founded by the Odisha Cricket Association in 1958. Here history and legends alike have made an indelible mark - experience its unforgettable atmosphere as it comes alive with sporting excellence! Barabati Stadium serves as the proud home ground of the Odisha cricket team. Additionally, it welcomes association football matches like the Santosh Trophy national tournament and Odisha First Division League matches to join cricket there as well. Witness how sports unify fans from different walks of life!.",Ancient Heritage Period,Timings Opening time - Morning Closing time - Evening,Entry fee applicable; verify on-site,Early Morning (07:00 AM - 10:00 AM),2.5 to 3.5 Hours,Paved trails with occasional unpaved terrain. Battery-operated safari vehicles and shaded sit-outs available for comfortable elderly touring.,Durga Puja,"Biju Patnaik International Airport (BBI), Bhubaneswar",Cuttack Railway Station (CTC),https://www.incredibleindia.gov.in/content/dam/incredible-india/images/global/incredible-india-og.png,https://www.incredibleindia.gov.in/en/odisha/cuttack/barabati-stadium,2026-08-26T13:55:06Z
discover-a-symphony-of-wildlife,Discover a symphony of wildlife,Cuttack,Odisha,Nature & Scenic Sanctum,Wildlife Sanctum & Eco-Heritage,"Embark on a thrilling wildlife adventure at Chandaka Elephant Sanctuary, a natural reserve near Cuttack known for its majestic elephants and diverse flora and fauna.","Discover a symphony of wildlife • Where majestic creatures roam • Embark on an extraordinary journey. Khordha District, about 35.7 kilometers from Cuttack lies the captivating Chandaka Elephant Sanctuary - an expansive wildlife reserve covering 175.79 square kilometers of beautiful table land and hillocks - which was designated an elephant reserve in 1982 and plays an essential role in conserving these magnificent animals, providing refuge to various other wildlife species as well. People across the country flock here in droves as this spot serves as a must-visit spot to experience natural beauty as well as diversity within wildlife species!",Ancient Heritage Period,10:00 AM - 05:00 PM,Entry fee applicable; verify on-site,Early Morning (07:00 AM - 10:00 AM),2.5 to 3.5 Hours,Paved trails with occasional unpaved terrain. Battery-operated safari vehicles and shaded sit-outs available for comfortable elderly touring.,,"Biju Patnaik International Airport (BBI), Bhubaneswar",Cuttack Railway Station (CTC),https://www.incredibleindia.gov.in/content/dam/incredible-india/images/global/incredible-india-og.png,https://www.incredibleindia.gov.in/en/odisha/cuttack/chandaka-elephant-sanctuary,2026-08-26T13:55:07Z
cuttack-chandi-temple,Cuttack Chandi Temple,Cuttack,Odisha,Temple & Sacred Sanctum,Vaishnava Temple,"Explore the divine beauty of Cuttack Chandi Temple, a popular Hindu shrine in Cuttack dedicated to Goddess Chandi and adorned with intricate artwork.","Cuttack Chandi Temple • An ancient abode of devotion • A spiritual haven with healing powers. Legend has it that Chandi Temple holds spiritual energy and healing powers, offering comfort to pilgrims and devotees looking for solace within its walls. People seek comfort from spiritual enlightenment at this temple as much as a religious one. Durga Puja and Kali Puja festivals at Chandi Temple truly come to life each year during its grand annual celebrations of Durga Puja and Kali Puja. Spanning 16 delightful days from Ashwina Krishna Ashtami through to Vijayadashami, these festivities bring immense joy and devotion from people from near and far as they pay their homage to goddess Chandi.",Ancient Heritage Period,05:00 AM - 09:00 PM,Free entry (Donations welcome; special darshan queue fees may apply),Early Morning (06:30 AM - 09:00 AM) or Evening Aarti (06:00 PM - 07:30 PM),1.5 to 2 Hours,Footwear removal mandatory at the temple entrance. Smooth stone flooring inside; surfaces may get warm under direct afternoon sun. Moderate step climbing required to access sanctum sanctorum. Wheelchair assistance available at main outer gates.,Durga Puja,"Biju Patnaik International Airport (BBI), Bhubaneswar",Cuttack Railway Station (CTC),https://www.incredibleindia.gov.in/content/dam/incredible-india/images/global/incredible-india-og.png,https://www.incredibleindia.gov.in/en/odisha/cuttack/cuttack-chandi-temple,2026-08-26T13:55:09Z
dhabaleswar-temple,Dhabaleswar Temple,Cuttack,Odisha,Temple & Sacred Sanctum,Shiva Temple & Sanctum,"Discover the spiritual aura of Dhabaleswar Temple, a revered Hindu shrine in Cuttack located on an island in the Mahanadi River and known for its scenic beauty.",Dhabaleswar Temple • A serene retreat on Odisha's river island • A tale of divine intervention. Deep within Odisha's Mahanadi River lies an exquisite jewel that speaks volumes of divinity and ancient craftsmanship: Dhabaleswar Temple. This temple is dedicated to Lord Shiva and has long been an oasis of calm for many travellers seeking solace from everyday life. Join a journey to this idyllic island destination where spirituality meets artistic splendour while celebrations erupt into vibrant hues overhead!,Ancient Heritage Period,06:00 AM - 08:00 PM,Free entry (Donations welcome; special darshan queue fees may apply),Early Morning (06:30 AM - 09:00 AM) or Evening Aarti (06:00 PM - 07:30 PM),1.5 to 2 Hours,Footwear removal mandatory at the temple entrance. Smooth stone flooring inside; surfaces may get warm under direct afternoon sun. Moderate step climbing required to access sanctum sanctorum. Wheelchair assistance available at main outer gates.,,"Biju Patnaik International Airport (BBI), Bhubaneswar",Cuttack Railway Station (CTC),https://www.incredibleindia.gov.in/content/dam/incredible-india/images/global/incredible-india-og.png,https://www.incredibleindia.gov.in/en/odisha/cuttack/dhabaleswar-temple,2026-08-26T13:55:10Z
explore-the-rich-heritage-of-jajpur,Explore The Rich Heritage Of Jajpur,Cuttack,Odisha,Nature & Scenic Sanctum,Wildlife Sanctum & Eco-Heritage,,"Explore The Rich Heritage Of Jajpur • View all states • History of Jajpur. When I received an invite a month ago to explore a town called Jajpur, I had to look up twice to see if it was actually Jaipur in Rajashtan or did they actually mean Jajpur city. Little did I know that this place bore so much history and is now being developed to be a big cultural & heritage city in Odisha",6th Century BCE • Ganga Dynasty,08:00 AM - 05:30 PM (Daily / Sunrise to Sunset),Entry fee applicable; verify on-site,Early Morning (07:00 AM - 10:00 AM),2.5 to 3.5 Hours,Paved trails with occasional unpaved terrain. Battery-operated safari vehicles and shaded sit-outs available for comfortable elderly touring.,,"Biju Patnaik International Airport (BBI), Bhubaneswar",Bhubaneswar Railway Station (BBS),https://www.incredibleindia.gov.in/content/dam/incredible-india/images/global/incredible-india-og.png,https://www.incredibleindia.gov.in/en/odisha/cuttack/explore-the-rich-heritage-of-jajpur,2026-08-26T13:55:12Z
jobra-barrage,Jobra Barrage,Cuttack,Odisha,Temple & Sacred Sanctum,Shiva Temple & Sanctum,"Explore the beauty of nature at Jobra Barrage, Cuttack's stunning dam and reservoir offering breathtaking views and a peaceful escape from the city.","Jobra Barrage • Where river and road embrace • Guardian of the waters. Within Cuttack, Odisha lies an amazing feat of modern engineering: the Jobra Barrage. Spanning two kilometres long, the road bridge connects Cuttack with Jagatpur for convenient travel, making it an iconic feature within this bustling city. Positioned strategically along its banks, this majestic structure plays an essential part in protecting Cuttack from seasonal floods caused by the Mahanadi River. It also creates an everlasting impression as you pass across the glittering waters and gaze upon vast skyscape views.",Ancient Heritage Period,Timings Open throughout the day.,Free entry (Donations welcome; special darshan queue fees may apply),Early Morning (06:30 AM - 09:00 AM) or Evening Aarti (06:00 PM - 07:30 PM),1.5 to 2 Hours,Footwear removal mandatory at the temple entrance. Smooth stone flooring inside; surfaces may get warm under direct afternoon sun. Moderate step climbing required to access sanctum sanctorum. Wheelchair assistance available at main outer gates.,,"Biju Patnaik International Airport (BBI), Bhubaneswar",Cuttack Railway Station (CTC),https://www.incredibleindia.gov.in/content/dam/incredible-india/images/global/incredible-india-og.png,https://www.incredibleindia.gov.in/en/odisha/cuttack/jobra-barrage,2026-08-26T13:55:14Z
mahanadi-barrage,Mahanadi Barrage,Cuttack,Odisha,Nature & Scenic Sanctum,Wildlife Sanctum & Eco-Heritage,"Experience the impressive Mahanadi Barrage in Cuttack, a major engineering feat that regulates the flow of the Mahanadi River and provides irrigation for the region.","Mahanadi Barrage • Where river and sky embrace • A dance of waters and hills. In Cuttack, Odisha lies an extraordinary engineering marvel which connects heaven to water: Mahanadi Barrage. Stretching across two kilometers, this breathtaking structure stands imposingly across River Mahanadi to offer visitors an entrancing walkway from which they can admire its reflection in the skies above.",Ancient Heritage Period,"Timings Open 24 hours a day, and there are no entry fees.",Entry fee applicable; verify on-site,Early Morning (07:00 AM - 10:00 AM),2.5 to 3.5 Hours,Paved trails with occasional unpaved terrain. Battery-operated safari vehicles and shaded sit-outs available for comfortable elderly touring.,,"Biju Patnaik International Airport (BBI), Bhubaneswar",Cuttack Railway Station (CTC),https://www.incredibleindia.gov.in/content/dam/incredible-india/images/global/incredible-india-og.png,https://www.incredibleindia.gov.in/en/odisha/cuttack/mahanadi-barrage,2026-08-26T13:55:16Z
netaji-birth-place-museum,Netaji Birth Place Museum,Cuttack,Odisha,"Arts, Crafts & Museum",State Cultural Museum,"Step back in time and learn about the life of Netaji Subhas Chandra Bose at his birthplace museum in Cuttack, featuring personal belongings and memorabilia.","Netaji Birth Place Museum • A tribute to the visionary • The ancestral home of a hero. At the heart of Cuttack stands an esteemed institution that pays homage to one of India's greatest freedom fighters: Subhas Chandra Bose. The Netaji Birth Place Museum stands as a testament to his legacy; housed within his ancestral house where he was born and boasting beautiful gardens filled with blooming flowers for an immersive journey through his extraordinary life. Step into the Netaji Birth Place Museum and become immersed in Subhas Chandra Bose's captivating life. Each gallery holds memorabilia that spans his political career - from birth, early upbringing and his vital role in India's fight for independence - to significant chapters from his early upbringing and birthplace itself.",Ancient Heritage Period,10:00 AM - 05:00 PM,Entry fee applicable; verify on-site,Mid-Morning (10:30 AM - 01:30 PM) or Afternoon (02:30 PM - 05:00 PM),2 to 2.5 Hours,Level paved walkways and wheelchair ramps throughout exhibition galleries. Air-conditioned indoor halls with ample seated rest zones and accessible restrooms.,,"Biju Patnaik International Airport (BBI), Bhubaneswar",Cuttack Railway Station (CTC),https://www.incredibleindia.gov.in/content/dam/incredible-india/images/global/incredible-india-og.png,https://www.incredibleindia.gov.in/en/odisha/cuttack/netaji-birth-place-museum,2026-08-26T13:55:17Z
